Workbook

Sheet Valeurs
A1: LIBERE
A2: NON LIBERE
A3: NON CONFORME

Sheet MASSE
C1: Situation Stock Masse
C3: LIBERES | E3: =SUMIF(U9:U890,"LIBERE",S9:S94) -> 3023000 | K3: NON LIBERES | M3: =SUMIF(U9:U1048576,"NON LIBERE",S9:S57) -> 180000 | Q3: VENDUS NON EMPOTÉS | U3: =SUM(G11:G13) -> 0 | W3: REFONTE | X3: =SUM(AB9:AB45) -> 13421 | Y3: DECHETS PRODUCTION MASSE & TOURTEAUX A VENDRE LOCALEMENT | Z3: =SUM(AB65+AB66+AB67) -> 0 | AA3: NC A VENDRE (export) | AB3: =SUMIF(X9:X1048576,"NC-A VENDRE",Z9:Z1048576) -> 197000 | AC3: DECHETS PRODUCTION MASSE & BEURRE A REFONDRE | AD3: =SUM(AB68+AB69) -> 31573
G4: =COUNTIF(U9:U1048576,Valeurs!A1)&" lots" -> 156 lots | O4: =COUNTIF(U9:U1048576,Valeurs!A2)&" lots" -> 9 lots | U4: =COUNT(G11:G13)&" lots" -> 0 lots | W4: LOTS A REFONDRE | AA4: NC A VENDRE
W5: Date Production | Y5: Numero de lot | Z5: Poids initial | AA5: Poids réfondus | AB5: Poids restant
AA6: Suivi réfonte | AC6: POIDS BRUT
B7: LES LOTS DE MASSE DE CACAO VENDUS NON EMBARQUES | N7: LES LOTS DE MASSE DE CACAO EN STOCK
A8: DATE | B8: NBRE-LOT | C8: N° LOT PRODUIT | D8: NATURE | E8: NOMBRE PALETTE | F8: NOMBRE CARTON | G8: POIDS NET | H8: POIDS BRUT | I8: STATUT | J8: OT | K8: CLIENT | M8: DATE | N8: NBRE-LOT | O8: N° LOT PRODUIT | P8: NATURE | Q8: NOMBRE PALETTE | R8: NOMBRE CARTON | S8: POIDS NET | T8: POIDS BRUT | U8: STATUT
M9: 45723 | N9: 1 | O9: 2502112301 | P9: Masse de Cacao | Q9: 4 | R9: 160 | S9: 4000 | T9: 4146 | U9: LIBERE | X9: NC-VENDU | Y9: 2312112301 | Z9: 1000 | AA9: 1000 | AB9: 0
M10: 45761 | N10: 1 | O10: 2510412301 | P10: Masse de Cacao | Q10: 20 | R10: 800 | S10: 20000 | T10: 20792 | U10: LIBERE | W10: 45507 | X10: REFONTE | Y10: DIVERS | Z10: 6000 | AB10: =Z10-AA10 -> 6000
M11: 45765 | N11: 1 | O11: 2510712301 | P11: Masse de Cacao | Q11: 1 | R11: 40 | S11: 1000 | T11: 1031 | U11: LIBERE | W11: 45520 | X11: NC-VENDU | Y11: 2422012301 | Z11: 20000 | AA11: 20000 | AB11: =Z11-AA11 -> 0
M12: 45779 | N12: 1 | O12: 2512012302 | P12: Masse de Cacao | Q12: 14 | R12: 560 | S12: 14000 | T12: 14582 | U12: LIBERE | X12: REFONTE | Y12: CARTON ENDO | Z12: 9615 | AA12: 6119 | AB12: =Z12-AA12 -> 3496
M13: 45790 | N13: 1 | O13: 2513212301 | P13: Masse de Cacao | Q13: 16 | R13: 640 | S13: 16000 | T13: 16671 | U13: LIBERE | W13: 45490 | X13: NC-VENDU | Y13: 2418512301 | Z13: 9000 | AA13: 9000 | AB13: =Z13-AA13 -> 0
M14: 45798 | N14: 1 | O14: 2514112301 | P14: Masse de Cacao | Q14: 20 | R14: 800 | S14: 20000 | T14: 20838 | U14: LIBERE | W14: 45491 | X14: NC-VENDU | Y14: 2419312301 | Z14: 2000 | AA14: 2000 | AB14: =Z14-AA14 -> 0
M15: 45800 | N15: 1 | O15: 2514312301 | P15: Masse de Cacao | Q15: 20 | R15: 800 | S15: 20000 | T15: 20820 | U15: LIBERE | W15: 45491 | X15: NC-VENDU | Y15: 2419112302 | Z15: 2000 | AA15: 2000 | AB15: =Z15-AA15 -> 0
M16: 45803 | N16: 1 | O16: 2514512301 | P16: Masse de Cacao | Q16: 20 | R16: 800 | S16: 20000 | T16: 20825 | U16: LIBERE | W16: 45495 | X16: REFONTE | Y16: 2419412302 | Z16: 925 | AB16: 925 | AC16: 960
M17: 45803 | N17: 1 | O17: 2514612301 | P17: Masse de Cacao | Q17: 20 | R17: 800 | S17: 20000 | T17: 20834 | U17: LIBERE | W17: 45469 | X17: NC-VENDU | Y17: 2417012301 | Z17: 5000 | AA17: 5000 | AB17: =Z17-AA17 -> 0
M18: 45804 | N18: 1 | O18: 2514612302 | P18: Masse de Cacao | Q18: 20 | R18: 800 | S18: 20000 | T18: 20870 | U18: LIBERE | W18: 45495 | X18: NC-A VENDRE | Y18: 2419612301 | Z18: 2000 | AB18: =Z18-AA18 -> 2000 | AC18: 2050
M19: 45805 | N19: 1 | O19: 2514712301 | P19: Masse de Cacao | Q19: 20 | R19: 800 | S19: 20000 | T19: 20883 | U19: LIBERE | W19: 45502 | X19: NC-VENDU | Y19: 2419712302 | Z19: 20000 | AA19: 20000 | AB19: =Z19-AA19 -> 0
M20: 45808 | N20: 1 | O20: 2514912301 | P20: Masse de Cacao | Q20: 20 | R20: 800 | S20: 20000 | T20: 20897 | U20: LIBERE | W20: 45520 | X20: NC-VENDU | Y20: 2421712301 | Z20: 4000 | AA20: 4000 | AB20: =Z20-AA20 -> 0
M21: 45808 | N21: 1 | O21: 2515112301 | P21: Masse de Cacao | Q21: 20 | R21: 800 | S21: 20000 | T21: 20909 | U21: LIBERE | W21: 45503 | X21: NC-VENDU | Y21: 2420412301 | Z21: 2000 | AA21: 2000 | AB21: =Z21-AA21 -> 0
M22: 45809 | N22: 1 | O22: 2515112302 | P22: Masse de Cacao | Q22: 20 | R22: 800 | S22: 20000 | T22: 20882 | U22: LIBERE | W22: 45490 | X22: NC-VENDU | Y22: 2418112301 | Z22: 12000 | AA22: 12000 | AB22: =Z22-AA22 -> 0
M23: 45814 | N23: 1 | O23: 2515512301 | P23: Masse de Cacao | Q23: 20 | R23: 800 | S23: 20000 | T23: 20861 | U23: LIBERE | W23: 45530 | X23: NC-VENDU | Y23: 2422312302 | Z23: 20000 | AA23: 20000 | AB23: =Z23-AA23 -> 0
M24: 45817 | N24: 1 | O24: 2516012301 | P24: Masse de Cacao | Q24: 20 | R24: 800 | S24: 20000 | T24: 20877 | U24: LIBERE | W24: 45495 | X24: NC-VENDU | Y24: 2419712301 | Z24: 7000 | AA24: 7000 | AB24: =Z24-AA24 -> 0
M25: 45822 | N25: 1 | O25: 2516112301 | P25: Masse de Cacao | Q25: 20 | R25: 800 | S25: 20000 | T25: 20885 | U25: LIBERE | W25: 45503 | X25: NC-VENDU | Y25: 2420312301 | Z25: 1000 | AA25: 1000 | AB25: =Z25-AA25 -> 0
M26: 45825 | N26: 1 | O26: 2516712301 | P26: Masse de Cacao | Q26: 20 | R26: 800 | S26: 20000 | T26: 20796 | U26: LIBERE | W26: 45505 | X26: NC-VENDU | Y26: 2420612301 | Z26: 3000 | AA26: 3000 | AB26: 0
B27: =SUM(B11:B13) -> 0 | E27: =SUM(E11:E13) -> 0 | F27: =SUM(F11:F13) -> 0 | G27: =SUM(G11:G13) -> 0 | M27: 45827 | N27: 1 | O27: 2516812302 | P27: Masse de Cacao | Q27: 20 | R27: 800 | S27: 20000 | T27: 20804 | U27: LIBERE | W27: 45530 | X27: NC-VENDU | Y27: 2422412301 | Z27: 2000 | AA27: 2000 | AB27: =Z27-AA27 -> 0
M28: 45830 | N28: 1 | O28: 2517012301 | P28: Masse de Cacao | Q28: 20 | R28: 800 | S28: 20000 | T28: 20842 | U28: LIBERE | W28: 45510 | X28: NC-VENDU | Y28: 2419212301 | Z28: 2000 | AA28: 2000 | AB28: =Z28-AA28 -> 0
M29: 45831 | N29: 1 | O29: 2517312301 | P29: Masse de Cacao | Q29: 20 | R29: 800 | S29: 20000 | T29: 20773 | U29: LIBERE | W29: 45520 | X29: NC-VENDU | Y29: 2422312301 | Z29: 20000 | AA29: 20000 | AB29: =Z29-AA29 -> 0
M30: 45834 | N30: 1 | O30: 2517712301 | P30: Masse de Cacao | Q30: 20 | R30: 800 | S30: 20000 | T30: 20837 | U30: LIBERE | W30: 45520 | X30: NC-VENDU | Y30: 2422112301 | Z30: 20000 | AA30: 20000 | AB30: =Z30-AA30 -> 0
M31: 45836 | N31: 1 | O31: 2517912301 | P31: Masse de Cacao | Q31: 20 | R31: 800 | S31: 20000 | T31: 20837 | U31: LIBERE | W31: 45323 | X31: REFONTE | Y31: 2336412302 | Z31: 1000 | AB31: =Z31-AA31 -> 1000
M32: 45845 | N32: 1 | O32: 2518712301 | P32: Masse de Cacao | Q32: 20 | R32: 800 | S32: 20000 | T32: 20859 | U32: LIBERE | W32: 45520 | X32: NC-VENDU | Y32: 2422012302 | Z32: 20000 | AA32: 20000 | AB32: =Z32-AA32 -> 0
M33: 45848 | N33: 1 | O33: 2519012301 | P33: Masse de Cacao | Q33: 20 | R33: 800 | S33: 20000 | T33: 20833 | U33: LIBERE | W33: 45560 | X33: NC-VENDU | Y33: 2423812301 | Z33: 7000 | AA33: 7000 | AB33: =Z33-AA33 -> 0
M34: 45850 | N34: 1 | O34: 2519212301 | P34: Masse de Cacao | Q34: 20 | R34: 800 | S34: 20000 | T34: 20840 | U34: LIBERE | W34: 45560 | X34: NC-VENDU | Y34: 2424012301 | Z34: 6000 | AA34: 6000 | AB34: =Z34-AA34 -> 0
M35: 45855 | N35: 1 | O35: 2519612301 | P35: Masse de Cacao | Q35: 20 | R35: 800 | S35: 20000 | T35: 20850 | U35: LIBERE | W35: 45573 | X35: NC-VENDU | Y35: 2427212301 | Z35: 2000 | AA35: 2000 | AB35: =Z35-AA35 -> 0
M36: 45856 | N36: 1 | O36: 2519812301 | P36: Masse de Cacao | Q36: 20 | R36: 800 | S36: 20000 | T36: 20871 | U36: LIBERE | W36: 45573 | X36: NC-VENDU | Y36: 2427312301 | Z36: 3000 | AA36: 3000 | AB36: =Z36-AA36 -> 0
M37: 45859 | N37: 1 | O37: 2520212301 | P37: Masse de Cacao | Q37: 20 | R37: 800 | S37: 20000 | T37: 20802 | U37: LIBERE | W37: 45575 | X37: NC-VENDU | Y37: 2427212302 | Z37: 4000 | AA37: 4000 | AB37: =Z37-AA37 -> 0
M38: 45864 | N38: 1 | O38: 2520312302 | P38: Masse de Cacao | Q38: 20 | R38: 800 | S38: 20000 | T38: 20880 | U38: LIBERE | W38: 45588 | X38: NC-VENDU | Y38: 2425512301 | Z38: 4000 | AA38: 4000 | AB38: =Z38-AA38 -> 0 | AC38: 4201
M39: 45865 | N39: 1 | O39: 2520712301 | P39: Masse de Cacao | Q39: 20 | R39: 800 | S39: 20000 | T39: 20867 | U39: LIBERE | W39: 45588 | X39: NC-VENDU | Y39: 2425612301 | Z39: 9000 | AA39: 9000 | AB39: =Z39-AA39 -> 0 | AC39: 9393
M40: 45871 | N40: 1 | O40: 2521312301 | P40: Masse de Cacao | Q40: 20 | R40: 800 | S40: 20000 | T40: 20838 | U40: LIBERE | W40: 45608 | X40: NC-VENDU | Y40: 2430812301 | Z40: 10000 | AA40: 10000 | AB40: =Z40-AA40 -> 0 | AC40: 10395
M41: 45874 | N41: 1 | O41: 2521412301 | P41: Masse de Cacao | Q41: 20 | R41: 800 | S41: 20000 | T41: 20926 | U41: LIBERE | W41: 45615 | X41: NC-VENDU | Y41: 2431012301 | Z41: 5000 | AA41: 5000 | AB41: =Z41-AA41 -> 0 | AC41: 5202
M42: 45875 | N42: 1 | O42: 2521712301 | P42: Masse de Cacao | Q42: 20 | R42: 800 | S42: 20000 | T42: 20899 | U42: LIBERE | W42: 45622 | X42: NC-VENDU | Y42: 2432012301 | Z42: 1000 | AA42: 1000 | AB42: =Z42-AA42 -> 0 | AC42: 1036
M43: 45876 | N43: 1 | O43: 2521812301 | P43: Masse de Cacao | Q43: 20 | R43: 800 | S43: 20000 | T43: 20917 | U43: LIBERE | W43: 45624 | X43: NC-VENDU | Y43: 2431212301 | Z43: 1000 | AA43: 1000 | AB43: =Z43-AA43 -> 0 | AC43: 1040
M44: 45877 | N44: 1 | O44: 2521912301 | P44: Masse de Cacao | Q44: 20 | R44: 800 | S44: 20000 | T44: 20903 | U44: LIBERE | W44: 45642 | X44: NC-VENDU | Y44: 2433112301 | Z44: 12000 | AA44: 12000 | AB44: =Z44-AA44 -> 0 | AC44: 12537
M45: 45897 | N45: 1 | O45: 2523612301 | P45: Masse de Cacao | Q45: 20 | R45: 800 | S45: 20000 | T45: 20897 | U45: LIBERE | W45: 45642 | X45: NC-VENDU | Y45: 2433312301 | Z45: 15000 | AA45: 15000 | AB45: =Z45-AA45 -> 0 | AC45: 15606
M46: 45899 | N46: 1 | O46: 2524012301 | P46: Masse de Cacao | Q46: 20 | R46: 800 | S46: 20000 | T46: 20 896 | U46: LIBERE | W46: 45742 | X46: NC-A VENDRE | Y46: 2502112301 | Z46: 2000 | AB46: =Z46-AA46 -> 2000 | AC46: 2090 | AD46: P15,P20
M47: 45900 | N47: 1 | O47: 2524212301 | P47: Masse de Cacao | Q47: 20 | R47: 800 | S47: 20000 | T47: 20 915 | U47: LIBERE | W47: 45763 | X47: NC-A VENDRE | Y47: 2509412301 | Z47: 9000 | AB47: =Z47-AA47 -> 9000 | AC47: 11368
M48: 45901 | N48: 1 | O48: 2524312301 | P48: Masse de Cacao | Q48: 20 | R48: 800 | S48: 20000 | T48: 20 859 | U48: LIBERE | W48: 45782 | X48: NC-A VENDRE | Y48: 2510712301 | Z48: 8000 | AB48: =Z48-AA48 -> 8000 | AC48: 8332
M49: 45902 | N49: 1 | O49: 2524412301 | P49: Masse de Cacao | Q49: 20 | R49: 800 | S49: 20000 | T49: 20 830 | U49: LIBERE | W49: 45782 | X49: NC-A VENDRE | Y49: 2510712302 | Z49: 14000 | AB49: =Z49-AA49 -> 14000 | AC49: 14583
M50: 45903 | N50: 1 | O50: 2524512301 | P50: Masse de Cacao | Q50: 20 | R50: 800 | S50: 20000 | T50: 20 881 | U50: LIBERE | W50: 45782 | X50: NC-A VENDRE | Y50: 2510812301 | Z50: 2000 | AB50: =Z50-AA50 -> 2000 | AC50: 2085
M51: 45923 | N51: 1 | O51: 2524912301 | P51: Masse de Cacao | Q51: 20 | R51: 800 | S51: 20000 | T51: 20 908 | U51: LIBERE | W51: 45791 | X51: NC-A VENDRE | Y51: 2512012301 | Z51: 7000 | AB51: =Z51-AA51 -> 7000 | AC51: 7294
M52: 45939 | N52: 1 | O52: 2528112301 | P52: Masse de Cacao | Q52: 20 | R52: 800 | S52: 20000 | T52: 20954 | U52: LIBERE | W52: 45791 | X52: NC-A VENDRE | Y52: 2512012302 | Z52: 6000 | AB52: =Z52-AA52 -> 6000 | AC52: 6250
M53: 45942 | N53: 1 | O53: 2528412301 | P53: Masse de Cacao | Q53: 20 | R53: 800 | S53: 20000 | T53: 20893 | U53: LIBERE | W53: 45791 | X53: NC-A VENDRE | Y53: 2512212301 | Z53: 13000 | AB53: =Z53-AA53 -> 13000 | AC53: 14531
M54: 45943 | N54: 1 | O54: 2528512302 | P54: Masse de Cacao | Q54: 20 | R54: 800 | S54: 20000 | T54: 20908 | U54: LIBERE | W54: 45849 | X54: NC-A VENDRE | Y54: 2517412301 | Z54: 12000 | AB54: =Z54-AA54 -> 12000 | AC54: 12505
M55: 45944 | N55: 1 | O55: 2528612301 | P55: Masse de Cacao | Q55: 20 | R55: 800 | S55: 20000 | T55: 20932 | U55: LIBERE | W55: 45996 | X55: NC-A VENDRE | Y55: 2531612301 | Z55: 1000 | AB55: =Z55-AA55 -> 1000 | AC55: 1040
M56: 45945 | N56: 1 | O56: 2528712301 | P56: Masse de Cacao | Q56: 20 | R56: 800 | S56: 20000 | T56: 20789 | U56: LIBERE | W56: 46042 | X56: NC-A VENDRE | Y56: 2601912301 | Z56: 15000 | AB56: =Z56-AA56 -> 15000 | AC56: 15488
M57: 45949 | N57: 1 | O57: 2529112301 | P57: Masse de Cacao | Q57: 20 | R57: 800 | S57: 20000 | T57: 20872 | U57: LIBERE | W57: 46043 | X57: NC-A VENDRE | Y57: 2602012301 | Z57: 7000 | AB57: =Z57-AA57 -> 7000 | AC57: 7214
M58: 45960 | N58: 1 | O58: 2530212302 | P58: Masse de Cacao | Q58: 20 | R58: 800 | S58: 20000 | T58: 20928 | U58: LIBERE | W58: 45947 | X58: NC-A VENDRE | Y58: 2528912301 | Z58: 20000 | AB58: =Z58-AA58 -> 20000 | AC58: 20794
M59: 45962 | N59: 1 | O59: 2530312301 | P59: Masse de Cacao | Q59: 20 | R59: 800 | S59: 20000 | T59: 20949 | U59: LIBERE | W59: 45969 | X59: NC-A VENDRE | Y59: 2531212301 | Z59: 20000 | AB59: =Z59-AA59 -> 20000 | AC59: 20867
M60: 45962 | N60: 1 | O60: 2530512301 | P60: Masse de Cacao | Q60: 20 | R60: 800 | S60: 20000 | T60: 20931 | U60: LIBERE | W60: 45971 | X60: NC-A VENDRE | Y60: 2531212302 | Z60: 20000 | AB60: =Z60-AA60 -> 20000 | AC60: 20932
M61: 45963 | N61: 1 | O61: 2530512302 | P61: Masse de Cacao | Q61: 20 | R61: 800 | S61: 20000 | T61: 20928 | U61: LIBERE | W61: 46147 | X61: NC-A VENDRE | Y61: 2612312301 | Z61: 2000 | AB61: =Z61-AA61 -> 2000 | AC61: 2046 | AD61: P4; P5
M62: 45965 | N62: 1 | O62: 2530612301 | P62: Masse de Cacao | Q62: 20 | R62: 800 | S62: 20000 | T62: 20841 | U62: LIBERE | W62: 46151 | X62: NC-A VENDRE | Y62: 2614512301 | Z62: 15000 | AB62: =Z62-AA62 -> 15000 | AC62: 15593 | AD62: P1 à P15
M63: 45967 | N63: 1 | O63: 2530812301 | P63: Masse de Cacao | Q63: 20 | R63: 800 | S63: 20000 | T63: 20828 | U63: LIBERE | W63: 46197 | X63: NC-A VENDRE | Y63: 2617212301 | Z63: 20000 | AB63: =Z63-AA63 -> 20000 | AC63: 20798
M64: 45968 | N64: 1 | O64: 2531012301 | P64: Masse de Cacao | Q64: 20 | R64: 800 | S64: 20000 | T64: 20870 | U64: LIBERE | W64: 46194 | X64: NC-A VENDRE | Y64: 2616812301 | Z64: 2000 | AB64: =Z64-AA64 -> 2000 | AC64: 2085 | AD64: P19-P20
M65: 45983 | N65: 1 | O65: 2531612301 | P65: Masse de Cacao | Q65: 13 | R65: 520 | S65: 13000 | T65: 13590 | U65: LIBERE | X65: NC-VENDU | Y65: DECHETS MASSE | Z65: 10711
M66: 45989 | N66: 1 | O66: 2533112301 | P66: Masse de Cacao | Q66: 20 | R66: 800 | S66: 20000 | T66: 20869 | U66: LIBERE | X66: NC-VENDU | Y66: DECHETS TOURTEAUX | Z66: 3523
M67: 45990 | N67: 1 | O67: 2533212301 | P67: Masse de Cacao | Q67: 20 | R67: 800 | S67: 20000 | T67: 20830 | U67: LIBERE | X67: NC-VENDU | Y67: DECHETS MASSE MOUILLÉ | Z67: 10950
M68: 45994 | N68: 1 | O68: 2533612301 | P68: Masse de Cacao | Q68: 20 | R68: 800 | S68: 20000 | T68: 20612 | U68: LIBERE | X68: PRODUCTION | Y68: REFONTE MASSE | Z68: 30096 | AA68: 556 | AB68: =Z68-AA68 -> 29540
M69: 45995 | N69: 1 | O69: 2533812301 | P69: Masse de Cacao | Q69: 20 | R69: 800 | S69: 20000 | T69: 20724 | U69: LIBERE | X69: PRODUCTION | Y69: REFONTE BEURRE | Z69: 2033 | AB69: =Z69-AA69 -> 2033
M70: 45997 | N70: 1 | O70: 2533812302 | P70: Masse de Cacao | Q70: 20 | R70: 800 | S70: 20000 | T70: 20646 | U70: LIBERE
M71: 45997 | N71: 1 | O71: 2534012301 | P71: Masse de Cacao | Q71: 20 | R71: 800 | S71: 20000 | T71: 20558 | U71: LIBERE
M72: 45998 | N72: 1 | O72: 2534012302 | P72: Masse de Cacao | Q72: 20 | R72: 800 | S72: 20000 | T72: 20584 | U72: LIBERE
M73: 46000 | N73: 1 | O73: 2534112301 | P73: Masse de Cacao | Q73: 20 | R73: 800 | S73: 20000 | T73: 20625 | U73: LIBERE
M74: 46001 | N74: 1 | O74: 2534312301 | P74: Masse de Cacao | Q74: 20 | R74: 800 | S74: 20000 | U74: LIBERE
M75: 46002 | N75: 1 | O75: 2534412301 | P75: Masse de Cacao | Q75: 20 | R75: 800 | S75: 20000 | T75: 20598 | U75: LIBERE
M76: 46003 | N76: 1 | O76: 2534512301 | P76: Masse de Cacao | Q76: 20 | R76: 800 | S76: 20000 | T76: 20566 | U76: LIBERE
M77: 46004 | N77: 1 | O77: 2534612301 | P77: Masse de Cacao | Q77: 20 | R77: 800 | S77: 20000 | T77: 20549 | U77: LIBERE
M78: 46003 | N78: 1 | O78: 2534912301 | P78: Masse de Cacao | Q78: 20 | R78: 800 | S78: 20000 | U78: LIBERE
M79: 46010 | N79: 1 | O79: 2535212301 | P79: Masse de Cacao | Q79: 20 | R79: 800 | S79: 20000 | T79: 20626 | U79: LIBERE
M80: 46016 | N80: 1 | O80: 2535412301 | P80: Masse de Cacao | Q80: 20 | R80: 800 | S80: 20000 | T80: 20611 | U80: LIBERE
M81: 46018 | N81: 1 | O81: 2535912301 | P81: Masse de Cacao | Q81: 20 | R81: 800 | S81: 20000 | T81: 20639 | U81: LIBERE
M82: 46021 | N82: 1 | O82: 2536312301 | P82: Masse de Cacao | Q82: 20 | R82: 800 | S82: 20000 | T82: 20637 | U82: LIBERE
M83: 46022 | N83: 1 | O83: 2536412301 | P83: Masse de Cacao | Q83: 20 | R83: 800 | S83: 20000 | U83: LIBERE
M84: 46023 | N84: 1 | O84: 2536512301 | P84: Masse de Cacao | Q84: 20 | R84: 800 | S84: 20000 | U84: LIBERE
M85: 46024 | N85: 1 | O85: 2600112301 | P85: Masse de Cacao | Q85: 20 | R85: 800 | S85: 20000 | T85: 20645 | U85: LIBERE
M86: 46025 | N86: 1 | O86: 2600312301 | P86: Masse de Cacao | Q86: 20 | R86: 800 | S86: 20000 | T86: 20722 | U86: LIBERE
M87: 46026 | N87: 1 | O87: 2600312302 | P87: Masse de Cacao | Q87: 20 | R87: 800 | S87: 20000 | T87: 20559 | U87: LIBERE
M88: 46027 | N88: 1 | O88: 2600412301 | P88: Masse de Cacao | Q88: 20 | R88: 800 | S88: 20000 | T88: 20532 | U88: LIBERE
M89: 46028 | N89: 1 | O89: 2600512301 | P89: Masse de Cacao | Q89: 20 | R89: 800 | S89: 20000 | T89: 20581 | U89: LIBERE
M90: 46039 | N90: 1 | O90: 2601612301 | P90: Masse de Cacao | Q90: 20 | R90: 800 | S90: 20000 | T90: 20661 | U90: LIBERE
M91: 46039 | N91: 1 | O91: 2601712301 | P91: Masse de Cacao | Q91: 20 | R91: 800 | S91: 20000 | T91: 20654 | U91: LIBERE
M92: 46042 | N92: 1 | O92: 2601912301 | P92: Masse de Cacao | Q92: 5 | R92: 200 | S92: 5000 | T92: 5163 | U92: LIBERE
M93: 46043 | N93: 1 | O93: 2602012301 | P93: Masse de Cacao | Q93: 13 | R93: 520 | S93: 13000 | T93: 13398 | U93: LIBERE
M94: 46062 | N94: 1 | O94: 2603812301 | P94: Masse de Cacao | Q94: 20 | R94: 800 | S94: 20000 | U94: LIBERE
M95: 46065 | N95: 1 | O95: 2604012301 | P95: Masse de Cacao | Q95: 20 | R95: 800 | S95: 20000 | T95: 20763 | U95: LIBERE
M96: 46072 | N96: 1 | O96: 2604412301 | P96: Masse de Cacao | Q96: 20 | R96: 800 | S96: 20000 | T96: 20753 | U96: LIBERE
M97: 46075 | N97: 1 | O97: 2605012301 | P97: Masse de Cacao | Q97: 20 | R97: 800 | S97: 20000 | T97: 20178 | U97: LIBERE
M98: 46079 | N98: 1 | O98: 2605312301 | P98: Masse de Cacao | Q98: 20 | R98: 800 | S98: 20000 | T98: 20702 | U98: LIBERE
M99: 46084 | N99: 1 | O99: 2605712301 | P99: Masse de Cacao | Q99: 20 | R99: 800 | S99: 20000 | T99: 20748 | U99: LIBERE
M100: 46085 | N100: 1 | O100: 2606212301 | P100: Masse de Cacao | Q100: 20 | R100: 800 | S100: 20000 | U100: LIBERE
M101: 46086 | N101: 1 | O101: 2606312301 | P101: Masse de Cacao | Q101: 20 | R101: 800 | S101: 20000 | U101: LIBERE
...

Sheet TOURTEAU
C1: Situation Stock TOURTEAU
C3: LIBERES | E3: =SUMIF(S16:S1048539,"LIBERE",Q16:Q454) -> 529000 | J3: NON LIBERES | L3: =SUMIF(S16:S1048539,"NON LIBERE",Q16:Q454) -> 34000 | P3: VENDUS NON EMPOTÉS | S3: =SUM(F9:F43) -> 0 | U3: NON CONFORME | X3: =SUMIF(S9:S1048539,"NON CONFORME",Q9:Q454) -> 29000
F4: =COUNTIF(S16:S1048539,Valeurs!A1)&" Big Bag" -> 529 Big Bag | N4: =COUNTIF(S16:S1048539,Valeurs!A2)&" Big Bag" -> 34 Big Bag | S4: =COUNT(F9:F43)&" lots" -> 0 lots | X4: =COUNTIF(S16:S1048539,Valeurs!A3)&" Big Bag" -> 22 Big Bag
B7: LES LOTS DE TOURTEAU DE CACAO VENDUS NON EMBARQUES | M7: LES LOTS DE TOURTEAU DE CACAO EN STOCK
A8: DATE | B8: NBRE LOTS | C8: N° LOT PRODUIT | D8: NATURE | E8: NOMBRE PALETTE | F8: POIDS NET | G8: POIDS BRUT | H8: STATUT | I8: OT | J8: CLIENT | L8: DATE | M8: NBRE BB | N8: NUMERO BB | O8: N° LOT PRODUIT | P8: NATURE | Q8: POIDS NET | R8: POIDS BRUT | S8: STATUT
L9: 45441 | M9: 1 | N9: 12 | O9: 2429913501 | P9: TOURTEAUX | Q9: 1000 | S9: NON CONFORME
L10: 45442 | M10: 1 | N10: 13 | O10: 2429913501 | P10: TOURTEAUX | Q10: 1000 | S10: NON CONFORME
L11: 45442 | M11: 1 | N11: 15 | O11: 2429913501 | P11: TOURTEAUX | Q11: 1000 | S11: NON CONFORME
L12: 45442 | M12: 1 | N12: 16 | O12: 2429913501 | P12: TOURTEAUX | Q12: 1000 | S12: NON CONFORME
L13: 45442 | M13: 1 | N13: 18 | O13: 2429913501 | P13: TOURTEAUX | Q13: 1000 | S13: NON CONFORME
L14: 45444 | M14: 1 | N14: 19 | O14: 2429913501 | P14: TOURTEAUX | Q14: 1000 | S14: NON CONFORME
L15: 45444 | M15: 1 | N15: 20 | O15: 2429913501 | P15: TOURTEAUX | Q15: 1000 | S15: NON CONFORME
L16: 45927 | M16: 1 | N16: 20 | O16: 2526713501 | P16: TOURTEAU | Q16: 1000 | R16: 1013 | S16: LIBERE
L17: 45927 | M17: 1 | N17: 1 | O17: 2527013501 | P17: TOURTEAU | Q17: 1000 | R17: 1014 | S17: LIBERE
L18: 45927 | M18: 1 | N18: 2 | O18: 2527013501 | P18: TOURTEAU | Q18: 1000 | R18: 1015 | S18: LIBERE
L19: 45928 | M19: 1 | N19: 4 | O19: 2527013501 | P19: TOURTEAU | Q19: 1000 | R19: 1021 | S19: LIBERE
L20: 45928 | M20: 1 | N20: 5 | O20: 2527013501 | P20: TOURTEAUT | Q20: 1000 | R20: 1024 | S20: LIBERE
L21: 45928 | M21: 1 | N21: 6 | O21: 2527013501 | P21: TOURTEAU | Q21: 1000 | R21: 1014 | S21: LIBERE
L22: 45929 | M22: 1 | N22: 8 | O22: 2527013501 | P22: TOURTEAU | Q22: 1000 | R22: 1012 | S22: LIBERE
L23: 45929 | M23: 1 | N23: 9 | O23: 2527013501 | P23: TOURTEAU | Q23: 1000 | R23: 1016 | S23: LIBERE
L24: 45929 | M24: 1 | N24: 10 | O24: 2527013501 | P24: TOURTEAU | Q24: 1000 | R24: 1005 | S24: LIBERE
L25: 45929 | M25: 1 | N25: 11 | O25: 2527013501 | P25: TOURTEAU | Q25: 1000 | R25: 1017 | S25: LIBERE
L26: 45929 | M26: 1 | N26: 12 | O26: 2527013501 | P26: TOURTEAU | Q26: 1000 | R26: 1016 | S26: LIBERE
L27: 45929 | M27: 1 | N27: 13 | O27: 2527013501 | P27: TOURTEAU | Q27: 1000 | R27: 1015 | S27: LIBERE
... L44: 45933 | M44: 1 | N44: 11 | O44: 2527413501 | P44: TOURTEAU | Q44: 1000 | R44: 1013 | S44: LIBERE
B45: =SUM(B9:B43) -> 0 | E45: =SUM(E9:E43) -> 0 | F45: =SUM(F9:F43) -> 0 | G45: =SUM(E45:F45) -> 0 | L45: 45938 | M45: 1 | N45: 12 | O45: 2527413501 | P45: TOURTEAU | Q45: 1000 | R45: 1013 | S45: LIBERE
L46: 45938 | M46: 1 | N46: 13 | O46: 2527413501 | P46: TOURTEAU | Q46: 1000 | R46: 1013 | S46: LIBERE
L47: 45938 | M47: 1 | N47: 14 | O47: 2527413501 | P47: TOURTEAU | Q47: 1000 | R47: 1013 | S47: LIBERE
L48: 45938 | M48: 1 | N48: 15 | O48: 2527413501 | P48: TOURTEAU | Q48: 1000 | R48: 1013 | S48: LIBERE
L49: 45938 | M49: 1 | N49: 16 | O49: 2527413501 | P49: TOURTEAU | Q49: 1000 | R49: 1013 | S49: LIBERE
L50: 45938 | M50: 1 | N50: 17 | O50: 2527413501 | P50: TOURTEAU | Q50: 1000 | R50: 1013 | S50: LIBERE
L51: 45942 | M51: 1 | N51: 18 | O51: 2527413501 | P51: TOURTEAU | Q51: 1000 | R51: 1013 | S51: LIBERE
L52: 45942 | M52: 1 | N52: 19 | O52: 2527413501 | P52: TOURTEAU | Q52: 1000 | R52: 1013 | S52: LIBERE
L53: 45942 | M53: 1 | N53: 20 | O53: 2527413501 | P53: TOURTEAU | Q53: 1000 | R53: 1013 | S53: LIBERE
L54: 45942 | M54: 1 | N54: 1 | O54: 2528513501 | P54: TOURTEAU | Q54: 1000 | R54: 1015 | S54: LIBERE
L55: 45942 | M55: 1 | N55: 2 | O55: 2528513501 | P55: TOURTEAU | Q55: 1000 | R55: 1015 | S55: LIBERE
L56: 45942 | M56: 1 | N56: 3 | O56: 2528513501 | P56: TOURTEAU | Q56: 1000 | R56: 1017 | S56: LIBERE
L57: 45942 | M57: 1 | N57: 4 | O57: 2528513501 | P57: TOURTEAU | Q57: 1000 | R57: 1014 | S57: LIBERE
... L259: 45973 | M259: 1 | N259: 16 | O259: 2531413501 | P259: TOURTEAU | Q259: 1000 | R259: 1020 | S259: LIBERE
L260: 45973 | M260: 1 | N260: 17 | O260: 2531413501 | P260: TOURTEAU | Q260: 1000 | S260: LIBERE
L261: 45973 | M261: 1 | N261: 18 | O261: 2531413501 | P261: TOURTEAU | Q261: 1000 | S261: LIBERE
L262: 45973 | M262: 1 | N262: 19 | O262: 2531413501 | P262: TOURTEAU | Q262: 1000 | S262: LIBERE
L263: 45973 | M263: 1 | N263: 20 | O263: 2531413501 | P263: TOURTEAU | Q263: 1000 | S263: LIBERE
L264: 45973 | M264: 1 | N264: 1 | O264: 2531613501 | P264: TOURTEAU | Q264: 1000 | R264: 1008 | S264: LIBERE
L265: 45973 | M265: 1 | N265: 2 | O265: 2531613501 | P265: TOURTEAU | Q265: 1000 | R265: 1028 | S265: LIBERE
L266: 45973 | M266: 1 | N266: 3 | O266: 2531613501 | P266: TOURTEAU | Q266: 1000 | R266: 1012 | S266: LIBERE
L267: 45974 | M267: 1 | N267: 4 | O267: 2531613501 | P267: TOURTEAU | Q267: 1000 | R267: 1018 | S267: LIBERE
L268: 45974 | M268: 1 | N268: 5 | O268: 2531613501 | P268: TOURTEAU | Q268: 1000 | R268: 1017 | S268: LIBERE
L269: 45974 | M269: 1 | N269: 6 | O269: 2531613501 | P269: TOURTEAU | Q269: 1000 | R269: 1029 | S269: LIBERE
L270: 45974 | M270: 1 | N270: 7 | O270: 2531613501 | P270: TOURTEAU | Q270: 1000 | R270: 1013 | S270: LIBERE
L271: 45974 | M271: 1 | N271: 8 | O271: 2531613501 | P271: TOURTEAU | Q271: 1000 | R271: 1031 | S271: LIBERE
L272: 45974 | M272: 1 | N272: 9 | O272: 2531613501 | P272: TOURTEAU | Q272: 1000 | R272: 1029 | S272: LIBERE
L273: 45975 | M273: 1 | N273: 10 | O273: 2531613501 | P273: TOURTEAU | Q273: 1000 | R273: 1023 | S273: LIBERE
L274: 45975 | M274: 1 | N274: 11 | O274: 2531613501 | P274: TOURTEAU | Q274: 1000 | R274: 1016 | S274: LIBERE
L275: 45975 | M275: 1 | N275: 12 | O275: 2531613501 | P275: TOURTEAU | Q275: 1000 | R275: 1017 | S275: LIBERE
... L315: 45980 | M315: 1 | N315: 12 | O315: 2532213501 | P315: TOURTEAU | Q315: 1000 | R315: 1022 | S315: LIBERE
L316: 45980 | M316: 1 | N316: 13 | O316: 2532213501 | P316: TOURTEAU | Q316: 1000 | R316: 1019 | S316: LIBERE | V316: N
L317: 45980 | M317: 1 | N317: 14 | O317: 2532213501 | P317: TOURTEAU | Q317: 1000 | R317: 1030 | S317: LIBERE
L318: 45980 | M318: 1 | N318: 15 | O318: 2532213501 | P318: TOURTEAU | Q318: 1000 | R318: 1031 | S318: LIBERE
L319: 45980 | M319: 1 | N319: 16 | O319: 2532213501 | P319: TOURTEAU | Q319: 1000 | R319: 1029 | S319: LIBERE
L320: 45980 | M320: 1 | N320: 17 | O320: 2532213501 | P320: TOURTEAU | Q320: 1000 | R320: 1019 | S320: LIBERE
L321: 45982 | M321: 1 | N321: 18 | O321: 2532213501 | P321: TOURTEAU | Q321: 1000 | R321: 1019 | S321: LIBERE
L322: 45982 | M322: 1 | N322: 19 | O322: 2532213501 | P322: TOURTEAU | Q322: 1000 | R322: 1015 | S322: LIBERE
L323: 45982 | M323: 1 | N323: 1 | O323: 2532513501 | P323: TOURTEAU | Q323: 1000 | R323: 1013 | S323: LIBERE
L324: 45982 | M324: 1 | N324: 2 | O324: 2532513501 | P324: TOURTEAU | Q324: 1000 | R324: 1005 | S324: LIBERE
L325: 45982 | M325: 1 | N325: 3 | O325: 2532513501 | P325: TOURTEAU | Q325: 1000 | R325: 1012 | S325: LIBERE
L326: 45982 | M326: 1 | N326: 4 | O326: 2532513501 | P326: TOURTEAU | Q326: 1000 | R326: 1023 | S326: LIBERE
L327: 45983 | M327: 1 | N327: 5 | O327: 2532513501 | P327: TOURTEAU | Q327: 1000 | R327: 1019 | S327: LIBERE
L328: 45983 | M328: 1 | N328: 6 | O328: 2532513501 | P328: TOURTEAU | Q328: 1000 | R328: 1000 | S328: LIBERE
... L454: 46115 | M454: 1 | N454: 20 | O454: 2608913501 | P454: TOURTEAU | Q454: 1000 | R454: 990 | S454: LIBERE
L455: 46120 | M455: 1 | N455: 1 | O455: 2609813501 | Q455: 1000 | R455: 1004 | S455: LIBERE
L456: 46120 | M456: 1 | N456: 2 | O456: 2609813501 | Q456: 1000 | R456: 1040 | S456: LIBERE
L457: 46120 | M457: 1 | N457: 3 | O457: 2609813501 | Q457: 1000 | R457: 995 | S457: NON CONFORME
L458: 46120 | M458: 1 | N458: 4 | O458: 2609813501 | Q458: 1000 | S458: NON CONFORME
L459: 46121 | M459: 1 | N459: 5 | O459: 2609813501 | Q459: 1000 | R459: 986 | S459: NON CONFORME
L460: 46121 | M460: 1 | N460: 6 | O460: 2609813501 | Q460: 1000 | R460: 991 | S460: LIBERE
L461: 46121 | M461: 1 | N461: 7 | O461: 2609813501 | Q461: 1000 | S461: NON CONFORME
L462: 46121 | M462: 1 | N462: 8 | O462: 2609813501 | Q462: 1000 | R462: 992 | S462: NON CONFORME
L463: 46121 | M463: 1 | N463: 9 | O463: 2609813501 | Q463: 1000 | R463: 996 | S463: NON CONFORME
L464: 46122 | M464: 1 | N464: 10 | O464: 2609813501 | Q464: 1000 | R464: 989 | S464: LIBERE
L465: 46122 | M465: 1 | N465: 11 | O465: 2609813501 | Q465: 1000 | R465: 988 | S465: LIBERE
L466: 46122 | M466: 1 | N466: 12 | O466: 2609813501 | Q466: 1000 | R466: 1008 | S466: LIBERE
L467: 46122 | M467: 1 | N467: 13 | O467: 2609813501 | Q467: 1000 | R467: 991 | S467: LIBERE
L468: 46123 | M468: 1 | N468: 14 | O468: 2609813501 | Q468: 1000 | R468: 984 | S468: LIBERE
L469: 46123 | M469: 1 | N469: 15 | O469: 2609813501 | Q469: 1000 | R469: 1014 | S469: NON CONFORME
L470: 46123 | M470: 1 | N470: 16 | O470: 2609813501 | Q470: 1000 | R470: 954 | S470: NON CONFORME
L471: 46123 | M471: 1 | N471: 17 | O471: 2609813501 | Q471: 1000 | R471: 992 | S471: NON CONFORME
L472: 46124 | M472: 1 | N472: 18 | O472: 2609813501 | Q472: 1000 | R472: 1003 | S472: NON CONFORME
L473: 46124 | M473: 1 | N473: 19 | O473: 2609813501 | Q473: 1000 | R473: 982 | S473: NON CONFORME
... L600: 46259 | M600: 1 | N600: 14 | O600: 2621913501 | Q600: 1000 | R600: 980 | S600: NON LIBERE

Sheet BEURRE
C1: Situation Stock Beurre
C3: LIBERES | E3: =SUMIF(U9:U45,"LIBERE",S9:S45) -> 48000 | K3: NON LIBERES | M3: =SUMIF(U9:U1048576,"NON LIBERE",S9:S33) -> 0 | Q3: VENDUS NON EMPOTÉS | U3: =SUM(G14:G32) -> 0 | W3: REFONTE | X3: =SUMIF(X9:X1048576,"REFONTE",Z9:Z1048576) -> 0 | AA3: NC A VENDRE | AB3: =SUMIF(X9:X1048576,"NC-A VENDRE",Z9:Z1048576) -> 0
G4: =COUNTIF(U9:U1048576,Valeurs!A1)&" lots" -> 3 lots | O4: =COUNTIF(U9:U1048576,Valeurs!A2)&" lots" -> 0 lots | U4: =COUNT(G14:G32)&" lots" -> 0 lots | W4: LOTS A REFONDRE | AA4: NC A VENDRE
W5: Date Production | Y5: Numero de lot | Z5: Poids initial | AA5: Poids réfondus | AB5: Poids restant
B7: LES LOTS DE BEURRE DE CACAO VENDUS NON EMBARQUES | N7: LES LOTS DE BEURRE DE CACAO EN STOCK
A8: DATE | B8: NBRE-LOT | C8: N° LOT PRODUIT | D8: NATURE | E8: NOMBRE PALETTE | F8: NOMBRE CARTON | G8: POIDS NET | H8: POIDS BRUT | I8: STATUT | J8: OT | K8: CLIENT | M8: DATE | N8: NBRE-LOT | O8: N° LOT PRODUIT | P8: NATURE | Q8: NOMBRE PALETTE | R8: NOMBRE CARTON | S8: POIDS NET | T8: POIDS BRUT | U8: STATUT
M9: 45839 | N9: 1 | O9: 2518215401 | P9: Beurre de cacao | Q9: 8 | R9: 320 | S9: 8000 | T9: 8275 | U9: LIBERE
M10: 46137 | N10: 1 | O10: 2533315401 | P10: Beurre de cacao | Q10: 20 | R10: 800 | S10: 20000 | T10: 20801 | U10: LIBERE
M11: 46140 | N11: 1 | O11: 2611515401 | P11: Beurre de cacao | Q11: 20 | R11: 800 | S11: 20000 | U11: LIBERE
B33: =SUM(B14:B32) -> 0 | E33: =SUM(E14:E32) -> 0 | F33: =SUM(F14:F32) -> 0 | G33: =SUM(G14:G32) -> 0
N36: =SUM(N9:N35) -> 3 | Q36: =SUM(Q9:Q35) -> 48 | R36: =SUM(R9:R35) -> 1920 | S36: =SUM(S9:S35) -> 48000

Sheet GRAPHIQUES
C4: STOCk DISPO LIBERE | D4: STOCK DISPO EN ATTENTE LIBERATION | E4: STOCK DISPO N.C | F4: TOTAL CUMULE / PRODUIT
B5: MASSE | C5: =+MASSE!E3 -> 3023000 | D5: =+MASSE!M3 -> 180000 | E5: =+MASSE!AB3 -> 197000 | F5: =SUM(C5:E5) -> 3400000
B6: BEURRE | C6: =+BEURRE!E3 -> 48000 | D6: =+BEURRE!M3 -> 0 | E6: =+BEURRE!AB3 -> 0 | F6: =SUM(C6:E6) -> 48000
B7: TOURTEAU | C7: =+TOURTEAU!E3 -> 529000 | D7: =+TOURTEAU!L3 -> 34000 | E7: =+TOURTEAU!X3 -> 29000 | F7: =SUM(C7:E7) -> 592000

Sheet Contrôle TEST PESEE
B2: MASSE | K2: BEURRE | T2: TOURTEAU
B3: Nbre de Lot | C3: N° Lot | E3: Palettes Pesées | K3: Nbre de Lot | L3: N° Lot | N3: Palettes Pesées | T3: Nbre de Lot | U3: N° Lot | W3: Palettes Pesées
E5: N° Pal | F5: Poids Brut | G5: Tare Palette | H5: Tare Emballage | I5: Poids Net | N5: N° Pal | O5: Poids Brut | P5: Tare Palette | Q5: Tare Emballage | R5: Poids Net | W5: N° Pal | X5: Poids Brut | Y5: Tare Palette | Z5: Tare Emballage | AA5: Poids Net
B6: 1 | C6: 2600112301 | E6: P3 | F6: 1043 | G6: 19 | H6: 18 | I6: =+F6-SUM(G6:H6) -> 1006 | K6: 1 | L6: 2518215401 | N6: P1 | O6: 1040 | P6: 19 | Q6: 18 | R6: =+O6-SUM(P6:Q6) -> 1003 | T6: 1 | U6: 2522913501 | AA6: =+X6-SUM(Y6:Z6) -> 0
E7: P20 | F7: 1039 | G7: 19 | H7: 18 | I7: =+F7-SUM(G7:H7) -> 1002 | N7: P4 | O7: 1039 | P7: 19 | Q7: 18 | R7: =+O7-SUM(P7:Q7) -> 1002 | AA7: =+X7-SUM(Y7:Z7) -> 0
E8: P9 | F8: 1036 | G8: 19 | H8: 18 | I8: =+F8-SUM(G8:H8) -> 999 | N8: P18 | O8: 1041 | P8: 19 | Q8: 18 | R8: =+O8-SUM(P8:Q8) -> 1004 | AA8: =+X8-SUM(Y8:Z8) -> 0
B9: 1 | C9: 2600312301 | E9: P6 | F9: 1041 | G9: 19 | H9: 18 | I9: =+F9-SUM(G9:H9) -> 1004 | K9: 1 | L9: 2533315401 | N9: P7 | O9: 1032 | P9: 19 | Q9: 18 | R9: =+O9-SUM(P9:Q9) -> 995 | T9: 1 | U9: 2523313501 | AA9: =+X9-SUM(Y9:Z9) -> 0
E10: P7 | F10: 1038 | G10: 19 | H10: 18 | I10: =+F10-SUM(G10:H10) -> 1001 | N10: P20 | O10: 1041 | P10: 19 | Q10: 18 | R10: =+O10-SUM(P10:Q10) -> 1004 | AA10: =+X10-SUM(Y10:Z10) -> 0
E11: P11 | F11: 1037 | G11: 19 | H11: 18 | I11: =+F11-SUM(G11:H11) -> 1000 | N11: P8 | O11: 1043 | P11: 19 | Q11: 18 | R11: =+O11-SUM(P11:Q11) -> 1006 | AA11: =+X11-SUM(Y11:Z11) -> 0
B12: 1 | C12: 2600312302 | E12: P18 | F12: 1042 | G12: 19 | H12: 18 | I12: =+F12-SUM(G12:H12) -> 1005 | K12: 1 | L12: 2611515401 | N12: P17 | O12: 1039 | P12: 19 | Q12: 18 | R12: =+O12-SUM(P12:Q12) -> 1002 | T12: 1 | U12: 2523713501 | AA12: =+X12-SUM(Y12:Z12) -> 0
E13: P5 | F13: 1039 | G13: 19 | H13: 18 | I13: =+F13-SUM(G13:H13) -> 1002 | N13: P16 | O13: 1042 | P13: 19 | Q13: 18 | R13: =+O13-SUM(P13:Q13) -> 1005 | AA13: =+X13-SUM(Y13:Z13) -> 0
E14: P1 | F14: 1041 | G14: 19 | H14: 18 | I14: =+F14-SUM(G14:H14) -> 1004 | N14: P3 | O14: 1039 | P14: 19 | Q14: 18 | R14: =+O14-SUM(P14:Q14) -> 1002 | AA14: =+X14-SUM(Y14:Z14) -> 0
B15: 1 | C15: 2600412301 | E15: P4 | F15: 1040 | G15: 19 | H15: 18 | I15: =+F15-SUM(G15:H15) -> 1003 | K15: 1 | R15: =+O15-SUM(P15:Q15) -> 0 | T15: 1 | U15: 2524313501 | AA15: =+X15-SUM(Y15:Z15) -> 0
E16: P20 | F16: 1041 | G16: 19 | H16: 18 | I16: =+F16-SUM(G16:H16) -> 1004 | R16: =+O16-SUM(P16:Q16) -> 0 | AA16: =+X16-SUM(Y16:Z16) -> 0
E17: P16 | F17: 1037 | G17: 19 | H17: 18 | I17: =+F17-SUM(G17:H17) -> 1000 | R17: =+O17-SUM(P17:Q17) -> 0 | AA17: =+X17-SUM(Y17:Z17) -> 0
B18: 1 | C18: 2600512301 | E18: P8 | F18: 1042 | G18: 19 | H18: 18 | I18: =+F18-SUM(G18:H18) -> 1005 | K18: 1 | R18: =+O18-SUM(P18:Q18) -> 0 | T18: 1 | U18: 2524613501 | AA18: =+X18-SUM(Y18:Z18) -> 0
E19: P2 | F19: 1039 | G19: 19 | H19: 18 | I19: =+F19-SUM(G19:H19) -> 1002 | R19: =+O19-SUM(P19:Q19) -> 0 | AA19: =+X19-SUM(Y19:Z19) -> 0
E20: P7 | F20: 1040 | G20: 19 | H20: 18 | I20: =+F20-SUM(G20:H20) -> 1003 | R20: =+O20-SUM(P20:Q20) -> 0 | AA20: =+X20-SUM(Y20:Z20) -> 0
B21: 1 | C21: 2606212301 | I21: =+F21-SUM(G21:H21) -> 0 | K21: 1 | R21: =+O21-SUM(P21:Q21) -> 0 | T21: 1 | U21: 2526713501 | AA21: =+X21-SUM(Y21:Z21) -> 0
I22: =+F22-SUM(G22:H22) -> 0 | R22: =+O22-SUM(P22:Q22) -> 0 | AA22: =+X22-SUM(Y22:Z22) -> 0
I23: =+F23-SUM(G23:H23) -> 0 | R23: =+O23-SUM(P23:Q23) -> 0 | AA23: =+X23-SUM(Y23:Z23) -> 0
B24: 1 | I24: =+F24-SUM(G24:H24) -> 0 | K24: 1 | R24: =+O24-SUM(P24:Q24) -> 0 | T24: 1 | U24: 2527013501 | AA24: =+X24-SUM(Y24:Z24) -> 0
I25: =+F25-SUM(G25:H25) -> 0 | R25: =+O25-SUM(P25:Q25) -> 0 | AA25: =+X25-SUM(Y25:Z25) -> 0
I26: =+F26-SUM(G26:H26) -> 0 | R26: =+O26-SUM(P26:Q26) -> 0 | AA26: =+X26-SUM(Y26:Z26) -> 0
B27: 1 | I27: =+F27-SUM(G27:H27) -> 0 | K27: 1 | R27: =+O27-SUM(P27:Q27) -> 0 | T27: 1 | U27: 2527413501 | AA27: =+X27-SUM(Y27:Z27) -> 0
I28: =+F28-SUM(G28:H28) -> 0 | R28: =+O28-SUM(P28:Q28) -> 0 | AA28: =+X28-SUM(Y28:Z28) -> 0
I29: =+F29-SUM(G29:H29) -> 0 | R29: =+O29-SUM(P29:Q29) -> 0 | AA29: =+X29-SUM(Y29:Z29) -> 0
B30: 1 | I30: =+F30-SUM(G30:H30) -> 0 | K30: 1 | R30: =+O30-SUM(P30:Q30) -> 0 | T30: 1 | U30: 2528513501 | AA30: =+X30-SUM(Y30:Z30) -> 0
I31: =+F31-SUM(G31:H31) -> 0 | R31: =+O31-SUM(P31:Q31) -> 0 | AA31: =+X31-SUM(Y31:Z31) -> 0
I32: =+F32-SUM(G32:H32) -> 0 | R32: =+O32-SUM(P32:Q32) -> 0 | AA32: =+X32-SUM(Y32:Z32) -> 0
B33: 1 | I33: =+F33-SUM(G33:H33) -> 0 | K33: 1 | R33: =+O33-SUM(P33:Q33) -> 0 | T33: 1 | U33: 2528713501 | AA33: =+X33-SUM(Y33:Z33) -> 0
I34: =+F34-SUM(G34:H34) -> 0 | R34: =+O34-SUM(P34:Q34) -> 0 | AA34: =+X34-SUM(Y34:Z34) -> 0
I35: =+F35-SUM(G35:H35) -> 0 | R35: =+O35-SUM(P35:Q35) -> 0 | AA35: =+X35-SUM(Y35:Z35) -> 0
B36: 1 | I36: =+F36-SUM(G36:H36) -> 0 | K36: 1 | R36: =+O36-SUM(P36:Q36) -> 0 | T36: 1 | U36: 2529113501 | AA36: =+X36-SUM(Y36:Z36) -> 0
I37: =+F37-SUM(G37:H37) -> 0 | R37: =+O37-SUM(P37:Q37) -> 0 | AA37: =+X37-SUM(Y37:Z37) -> 0
I38: =+F38-SUM(G38:H38) -> 0 | R38: =+O38-SUM(P38:Q38) -> 0 | AA38: =+X38-SUM(Y38:Z38) -> 0
B39: 1 | I39: =+F39-SUM(G39:H39) -> 0 | K39: 1 | R39: =+O39-SUM(P39:Q39) -> 0 | T39: 1 | U39: 2529413501 | AA39: =+X39-SUM(Y39:Z39) -> 0
I40: =+F40-SUM(G40:H40) -> 0 | R40: =+O40-SUM(P40:Q40) -> 0 | AA40: =+X40-SUM(Y40:Z40) -> 0
I41: =+F41-SUM(G41:H41) -> 0 | R41: =+O41-SUM(P41:Q41) -> 0 | AA41: =+X41-SUM(Y41:Z41) -> 0
B42: 1 | I42: =+F42-SUM(G42:H42) -> 0 | K42: 1 | R42: =+O42-SUM(P42:Q42) -> 0 | T42: 1 | U42: 2529713501 | AA42: =+X42-SUM(Y42:Z42) -> 0
I43: =+F43-SUM(G43:H43) -> 0 | R43: =+O43-SUM(P43:Q43) -> 0 | AA43: =+X43-SUM(Y43:Z43) -> 0
I44: =+F44-SUM(G44:H44) -> 0 | R44: =+O44-SUM(P44:Q44) -> 0 | AA44: =+X44-SUM(Y44:Z44) -> 0
B45: 1 | I45: =+F45-SUM(G45:H45) -> 0 | K45: 1 | R45: =+O45-SUM(P45:Q45) -> 0 | T45: 1 | U45: 2530213501 | AA45: =+X45-SUM(Y45:Z45) -> 0
I46: =+F46-SUM(G46:H46) -> 0 | R46: =+O46-SUM(P46:Q46) -> 0 | AA46: =+X46-SUM(Y46:Z46) -> 0
I47: =+F47-SUM(G47:H47) -> 0 | R47: =+O47-SUM(P47:Q47) -> 0 | AA47: =+X47-SUM(Y47:Z47) -> 0
B48: 1 | I48: =+F48-SUM(G48:H48) -> 0 | K48: 1 | R48: =+O48-SUM(P48:Q48) -> 0 | T48: 1 | U48: 2530413501 | AA48: =+X48-SUM(Y48:Z48) -> 0
I49: =+F49-SUM(G49:H49) -> 0 | R49: =+O49-SUM(P49:Q49) -> 0 | AA49: =+X49-SUM(Y49:Z49) -> 0
I50: =+F50-SUM(G50:H50) -> 0 | R50: =+O50-SUM(P50:Q50) -> 0 | AA50: =+X50-SUM(Y50:Z50) -> 0
B51: 1 | I51: =+F51-SUM(G51:H51) -> 0 | K51: 1 | R51: =+O51-SUM(P51:Q51) -> 0 | T51: 1 | U51: 2530613501 | AA51: =+X51-SUM(Y51:Z51) -> 0
I52: =+F52-SUM(G52:H52) -> 0 | R52: =+O52-SUM(P52:Q52) -> 0 | AA52: =+X52-SUM(Y52:Z52) -> 0
I53: =+F53-SUM(G53:H53) -> 0 | R53: =+O53-SUM(P53:Q53) -> 0 | AA53: =+X53-SUM(Y53:Z53) -> 0
B54: 1 | I54: =+F54-SUM(G54:H54) -> 0 | K54: 1 | R54: =+O54-SUM(P54:Q54) -> 0 | T54: 1 | U54: 2530813501 | AA54: =+X54-SUM(Y54:Z54) -> 0
I55: =+F55-SUM(G55:H55) -> 0 | R55: =+O55-SUM(P55:Q55) -> 0 | AA55: =+X55-SUM(Y55:Z55) -> 0
I56: =+F56-SUM(G56:H56) -> 0 | R56: =+O56-SUM(P56:Q56) -> 0 | AA56: =+X56-SUM(Y56:Z56) -> 0
B57: 1 | I57: =+F57-SUM(G57:H57) -> 0 | K57: 1 | R57: =+O57-SUM(P57:Q57) -> 0 | T57: 1 | U57: 2531013501 | AA57: =+X57-SUM(Y57:Z57) -> 0
I58: =+F58-SUM(G58:H58) -> 0 | R58: =+O58-SUM(P58:Q58) -> 0 | AA58: =+X58-SUM(Y58:Z58) -> 0
I59: =+F59-SUM(G59:H59) -> 0 | R59: =+O59-SUM(P59:Q59) -> 0 | AA59: =+X59-SUM(Y59:Z59) -> 0
B60: 1 | I60: =+F60-SUM(G60:H60) -> 0 | K60: 1 | R60: =+O60-SUM(P60:Q60) -> 0 | T60: 1 | U60: 2531413501 | AA60: =+X60-SUM(Y60:Z60) -> 0
I61: =+F61-SUM(G61:H61) -> 0 | R61: =+O61-SUM(P61:Q61) -> 0 | AA61: =+X61-SUM(Y61:Z61) -> 0
I62: =+F62-SUM(G62:H62) -> 0 | R62: =+O62-SUM(P62:Q62) -> 0 | AA62: =+X62-SUM(Y62:Z62) -> 0
B63: 1 | I63: =+F63-SUM(G63:H63) -> 0 | K63: 1 | R63: =+O63-SUM(P63:Q63) -> 0 | T63: 1 | U63: 2531613501 | AA63: =+X63-SUM(Y63:Z63) -> 0
I64: =+F64-SUM(G64:H64) -> 0 | R64: =+O64-SUM(P64:Q64) -> 0 | AA64: =+X64-SUM(Y64:Z64) -> 0
I65: =+F65-SUM(G65:H65) -> 0 | R65: =+O65-SUM(P65:Q65) -> 0 | AA65: =+X65-SUM(Y65:Z65) -> 0
B66: 1 | I66: =+F66-SUM(G66:H66) -> 0 | K66: 1 | R66: =+O66-SUM(P66:Q66) -> 0 | T66: 1 | U66: 2532013501 | AA66: =+X66-SUM(Y66:Z66) -> 0
I67: =+F67-SUM(G67:H67) -> 0 | R67: =+O67-SUM(P67:Q67) -> 0 | AA67: =+X67-SUM(Y67:Z67) -> 0
I68: =+F68-SUM(G68:H68) -> 0 | R68: =+O68-SUM(P68:Q68) -> 0 | AA68: =+X68-SUM(Y68:Z68) -> 0
B69: 1 | I69: =+F69-SUM(G69:H69) -> 0 | K69: 1 | R69: =+O69-SUM(P69:Q69) -> 0 | T69: 1 | U69: 2532213501 | AA69: =+X69-SUM(Y69:Z69) -> 0
I70: =+F70-SUM(G70:H70) -> 0 | R70: =+O70-SUM(P70:Q70) -> 0 | AA70: =+X70-SUM(Y70:Z70) -> 0
I71: =+F71-SUM(G71:H71) -> 0 | R71: =+O71-SUM(P71:Q71) -> 0 | AA71: =+X71-SUM(Y71:Z71) -> 0
B72: 1 | I72: =+F72-SUM(G72:H72) -> 0 | K72: 1 | R72: =+O72-SUM(P72:Q72) -> 0 | T72: 1 | U72: 2532513501 | AA72: =+X72-SUM(Y72:Z72) -> 0
I73: =+F73-SUM(G73:H73) -> 0 | R73: =+O73-SUM(P73:Q73) -> 0 | AA73: =+X73-SUM(Y73:Z73) -> 0
I74: =+F74-SUM(G74:H74) -> 0 | R74: =+O74-SUM(P74:Q74) -> 0 | AA74: =+X74-SUM(Y74:Z74) -> 0
B75: 1 | C75: 2519012301 | I75: =+F75-SUM(G75:H75) -> 0 | K75: 1 | R75: =+O75-SUM(P75:Q75) -> 0 | T75: 1 | U75: 2532813501 | AA75: =+X75-SUM(Y75:Z75) -> 0
I76: =+F76-SUM(G76:H76) -> 0 | R76: =+O76-SUM(P76:Q76) -> 0 | AA76: =+X76-SUM(Y76:Z76) -> 0
I77: =+F77-SUM(G77:H77) -> 0 | R77: =+O77-SUM(P77:Q77) -> 0 | AA77: =+X77-SUM(Y77:Z77) -> 0
B78: 1 | C78: 2519112301 | I78: =+F78-SUM(G78:H78) -> 0 | K78: 1 | R78: =+O78-SUM(P78:Q78) -> 0 | U78: 2533313501 | AA78: =+X78-SUM(Y78:Z78) -> 0
I79: =+F79-SUM(G79:H79) -> 0 | R79: =+O79-SUM(P79:Q79) -> 0 | AA79: =+X79-SUM(Y79:Z79) -> 0
I80: =+F80-SUM(G80:H80) -> 0
B81: 1 | C81: 2519212301 | I81: =+F81-SUM(G81:H81) -> 0 | U81: 2535413501
I82: =+F82-SUM(G82:H82) -> 0
I83: =+F83-SUM(G83:H83) -> 0
B84: 1 | C84: 2519312301 | I84: =+F84-SUM(G84:H84) -> 0 | U84: 2535813501
I85: =+F85-SUM(G85:H85) -> 0
I86: =+F86-SUM(G86:H86) -> 0
B87: 1 | C87: 2519612301 | I87: =+F87-SUM(G87:H87) -> 0
I88: =+F88-SUM(G88:H88) -> 0
I89: =+F89-SUM(G89:H89) -> 0
B90: 1 | C90: 2519812301 | I90: =+F90-SUM(G90:H90) -> 0
I91: =+F91-SUM(G91:H91) -> 0
I92: =+F92-SUM(G92:H92) -> 0
B93: 1 | C93: 2519912301 | I93: =+F93-SUM(G93:H93) -> 0
I94: =+F94-SUM(G94:H94) -> 0
I95: =+F95-SUM(G95:H95) -> 0
B96: 1 | C96: 2520112301 | I96: =+F96-SUM(G96:H96) -> 0
I97: =+F97-SUM(G97:H97) -> 0
I98: =+F98-SUM(G98:H98) -> 0
B99: 1 | C99: 2520212301 | I99: =+F99-SUM(G99:H99) -> 0
I100: =+F100-SUM(G100:H100) -> 0
I101: =+F101-SUM(G101:H101) -> 0
B102: 1 | C102: 2520312301 | I102: =+F102-SUM(G102:H102) -> 0
...

Sheet Feuil1
B2: MASSE | I2: MASSE | R2: BEURRE | AA2: TOURTEAU
B3: Nbre de Lot | C3: N° Lot | D3: Palettes Pesées | I3: Nbre de Lot | J3: N° Lot | L3: Palettes Pesées | R3: Nbre de Lot | S3: N° Lot | U3: Palettes Pesées | AA3: Nbre de Lot | AB3: N° Lot | AD3: Palettes Pesées
B5: 1 | C5: 2421712301 | D5: P1:1039kgs P15:1037kgs P 1:995kgs P16:1037kgs | L5: N° Pal | M5: Poids Brut | N5: Tare Palette | O5: Tare Emballage | P5: Poids Net | U5: N° Pal | V5: Poids Brut | W5: Tare Palette | X5: Tare Emballage | Y5: Poids Net | AD5: N° Pal | AE5: Poids Brut | AF5: Tare Palette | AG5: Tare Emballage | AH5: Poids Net
B6: 1 | C6: 2423812301 | D6: P17:1037kgs P15:1036kgs P5:1038 kgs P19:1035 kgs P10:1039kgs | I6: 1 | J6: 2423812301 | L6: P17 | M6: 1037 | N6: 13 | O6: 2 | P6: =+M6-SUM(N6:O6) -> 1022 | R6: 1 | S6: 2513415401 | U6: P17 | W6: 13 | X6: 2 | Y6: =+V6-SUM(W6:X6) -> -15 | AA6: 1 | AB6: 2434113501 | AD6: P17 | AF6: 13 | AG6: 2 | AH6: =+AE6-SUM(AF6:AG6) -> -15
B7: 1 | C7: 2424012301 | D7: P17:1062kgs P20:1050kgs P 11:1037kgs P14:1059kgs | L7: P15 | M7: 1036 | N7: 13 | O7: 2 | P7: =+M7-SUM(N7:O7) -> 1021 | U7: P15 | W7: 13 | X7: 2 | Y7: =+V7-SUM(W7:X7) -> -15 | AD7: P15 | AF7: 13 | AG7: 2 | AH7: =+AE7-SUM(AF7:AG7) -> -15
B8: 1 | C8: 2424112301 | L8: P5 | M8: 1038 | N8: 13 | O8: 2 | P8: =+M8-SUM(N8:O8) -> 1023 | U8: P5 | W8: 13 | X8: 2 | Y8: =+V8-SUM(W8:X8) -> -15 | AD8: P5 | AF8: 13 | AG8: 2 | AH8: =+AE8-SUM(AF8:AG8) -> -15
B9: 1 | C9: 2424212301
B10: 1 | C10: 2424312301
B11: 1 | C11: 2424412301
B12: 1 | C12: 2424512301
B13: 1 | C13: 2424612301
B14: 1 | C14: 2424712301
B15: 1 | C15: 2424812301
B16: 1 | C16: 2425012301
B17: 1 | C17: 2425112301
B18: 1 | C18: 2425212301
B19: 1 | C19: 2425312301
B20: 1 | C20: 2425512301
... B23: 1 | C23: 2427212301
B24: 1 | C24: 2428512301 | D24: P7:1039kgs P13:1044kgs P 10:1039kgs P3:1041kgs
B25: 1 | C25: 2428612301 | D25: P6:1036kgs P13:1036kgs P7:1040kgs P12:1038kgs
B26: 1 | C26: 2428712301 | D26: P11:1043kgs P20:1042kgs P9:1040kgs P17:1041kgs
B27: 1 | C27: 2428712302 | D27: P5:1048kgs P18:1047kgs P11:1053kgs P2:1048kgs
B28: 1 | C28: 2428912301 | D28: P6:101048kgs P20:1045kgs P3:1046kgs P12:1046kgs
B29: 1 | C29: 2429112301 | D29: P7:1047kgs P3:1047kgs P 2:1047kgs P15:1045kgs
B30: 1 | C30: 2429212301 | D30: P3:1049kgs P12:1049kgs P 17:1040kgs P14:1055kgs
B31: 1 | C31: 2429312301 | D31: P8:1045kgs P20:1046kgs P2:1042kgs P9:1045kgs
B32: 1 | C32: 2429412301
B33: 1 | C33: 2429512301 | D33: P3:1037kgs P16:1039kgs P13:1039kgs P18:1040kgs
B34: 1 | C34: 2429512302 | D34: P1:1042kgs P9:1043kgs P 12:1043kgs P16:1045kgs
B35: 1 | C35: 2429612301 | D35: P19:1044kgs P8:1040kgs P 17:1043kgs P5:1039kgs
B36: 1 | C36: 2429712301 | D36: P4:1046kgs P7:1043kgs P 12:1047kgs P1:1045kgs
B37: 1 | C37: 2429812301 | D37: P3:1039kgs P16:1037kgs P 6:1042kgs P10:1037kgs
B38: 1 | C38: 2429912301 | D38: P9:1038kgs P17:1038kgs P 7:1039kgs P20:1041kgs
B39: 1 | C39: 2429912302 | D39: P1:1041kgs P16:1039kgs P 3:1038kgs P14:1041kgs
B40: 1 | C40: 2430012301 | D40: P18:1041kgs P2:1040kgs P 13:1043kgs P15:1043kgs
B41: 1 | C41: 2430112301 | D41: P7:1037kgs P14:1042kgs P 9:1038kgs P11:1037kgs
B42: 1 | C42: 2430212301 | D42: P2:1038kgs P6:1050kgs P18:1055kgs P12:1052kgs
B43: 1 | C43: 2430312301 | D43: P6:1044kgs P4:1054kgs P11:1058kgs P9:1054kgs
B44: 1 | C44: 2430412301 | D44: P1:1046kgs P3:1044kgs P 7:1040kgs P20:1043kgs
... B62: 1 | C62: 2432312301 | D62: P9:11039kgs P15:1029kgs P 8:1034kgs P19:1033kgs
B63: 1 | C63: 2432412301
B64: 1 | C64: 2432512301 | D64: P2:1039kgs P16:1035kgs P 9:1039kgs P18:1043kgs
B65: 1 | C65: 2432512302 | D65: P11:1039kgs P20:1041kgs P3:1039kgs P16:1035kgs
B66: 1 | C66: 2432612301
B67: 1 | C67: 2432612302 | D67: P3:1044kgs P16:1037kgs P11:1050kgs P17:1041kgs
B68: 1 | C68: 2432712301 | D68: P3:1048kgs P12:1043kgs P 20:1045kgs P19:1046kgs
B69: 1 | C69: 2432812301 | D69: P6:1043kgs P15:1039kgs P 12:1048kgs P7:1046kgs
B70: 1 | C70: 2432912301 | D70: P18:1044kgs P16:1043kgs P12:1037kgs P16:1043kgs
B71: 1 | C71: 2432912302
B72: 1 | C72: 2433012301
B73: 1 | C73: 2433012302 | D73: P7:1037kgs P14:1042kgs P 9:1038kgs P11:1037kgs
B74: 1 | C74: 2432412301 | D74: P2:1038kgs P6:1050kgs P18:1055kgs P12:1052kgs
B75: 1 | C75: 2433112301 | D75: P6:1044kgs P4:1054kgs P11:1058kgs P9:1054kgs
B76: 1 | C76: 2433312301 | D76: P1:1046kgs P3:1044kgs P 7:1040kgs P20:1043kgs
B77: 1 | C77: 2433412301 | D77: P3:1043kgs P7:1044kgs P 19:1044kgs P13:1047kgs
B78: 1 | C78: 2433512301
B79: 1 | C79: 2433812301
B80: 1 | C80: 2433912301
B81: 1 | C81: 2434012301
B82: 1 | C82: 2434112301 | D82: P1:1039kgs P15:1037kgs P 1:995kgs P16:1037kgs
B83: 1 | C83: 2434112302 | D83: P17:1037kgs P15:1036kgs P5:1038 kgs P19:1035 kgs P10:1039kgs
B84: 1 | C84: 2434212301 | D84: P17:1062kgs P20:1050kgs P 11:1037kgs P14:1059kgs
B85: 1 | C85: 2434312301 | D85: P3:1034kgs P1:1037kgs P 8:1042kgs P12:101041kgs
B86: 1 | C86: 2434512301 | D86: P3:1045kgs P15:1043kgs P 11:1045kgs P13:1044kgs
B87: 1 | C87: 2434812301 | D87: P7:1045kgs P16:1041kgs P 11:1045kgs P20:1039kgs
B88: 1 | C88: 2434812302 | D88: P8:1042kgs P20:1042kgs P 17:1043kgs P5:1041kgs
B89: 1 | C89: 2434912301 | D89: P7:1041kgs P16:1049kgs P 14:1036kgs P18:1049kgs
B90: 1 | C90: 2435112301 | D90: P7:1037kgs P14:1042kgs P 9:1038kgs P11:1037kgs
B91: 1 | C91: 2435312301 | D91: P2:1038kgs P6:1050kgs P18:1055kgs P12:1052kgs
B92: 1 | C92: 2435412301 | D92: P6:1044kgs P4:1054kgs P11:1058kgs P9:1054kgs
B93: 1 | C93: 2435712301 | D93: P1:1046kgs P3:1044kgs P 7:1040kgs P20:1043kgs
... B130: 1 | C130: 2507712301 | D130: P9:11039kgs P15:1029kgs P 8:1034kgs P19:1033kgs
B131: 1 | C131: 2507812301
B132: 1 | C132: 2508012301 | D132: P2:1039kgs P16:1035kgs P 9:1039kgs P18:1043kgs
B133: 1 | C133: 2508312301 | D133: P11:1039kgs P20:1041kgs P3:1039kgs P16:1035kgs
B134: 1 | C134: 2508412301
B135: 1 | C135: 2508512301
B136: 1 | C136: 2508612301
B137: 1 | C137: 2509212301
B138: 1 | C138: 2509312301
B139: 1 | C139: 2509412301
B140: 1 | C140: 2509512301
B141: 1 | C141: 2509612301
B142: 1 | C142: 2509712301
